﻿PanelID,BoringID,Type,Face,X,Y,Diameter,Depth,Angle,SlotWidth,SlotHeight,ToolNumber,Note
placed-1768794917358-u19ervii3-side-right,shelf-pin-1,shelf-pin,left,50.00,37.00,5.0,12.0,90,,,,선반핀-전면열-1
placed-1768794917358-u19ervii3-side-right,shelf-pin-2,shelf-pin,left,50.00,69.00,5.0,12.0,90,,,,선반핀-전면열-2
placed-1768794917358-u19ervii3-side-right,shelf-pin-3,shelf-pin,left,50.00,101.00,5.0,12.0,90,,,,선반핀-전면열-3
placed-1768794917358-u19ervii3-side-right,shelf-pin-4,shelf-pin,left,50.00,133.00,5.0,12.0,90,,,,선반핀-전면열-4
placed-1768794917358-u19ervii3-side-right,shelf-pin-5,shelf-pin,left,50.00,165.00,5.0,12.0,90,,,,선반핀-전면열-5
placed-1768794917358-u19ervii3-side-right,shelf-pin-6,shelf-pin,left,50.00,197.00,5.0,12.0,90,,,,선반핀-전면열-6
placed-1768794917358-u19ervii3-side-right,shelf-pin-7,shelf-pin,left,50.00,229.00,5.0,12.0,90,,,,선반핀-전면열-7
placed-1768794917358-u19ervii3-side-right,shelf-pin-8,shelf-pin,left,50.00,261.00,5.0,12.0,90,,,,선반핀-전면열-8
placed-1768794917358-u19ervii3-side-right,shelf-pin-9,shelf-pin,left,50.00,293.00,5.0,12.0,90,,,,선반핀-전면열-9
placed-1768794917358-u19ervii3-side-right,shelf-pin-10,shelf-pin,left,50.00,325.00,5.0,12.0,90,,,,선반핀-전면열-10
placed-1768794917358-u19ervii3-side-right,shelf-pin-11,shelf-pin,left,50.00,357.00,5.0,12.0,90,,,,선반핀-전면열-11
placed-1768794917358-u19ervii3-side-right,shelf-pin-12,shelf-pin,left,50.00,389.00,5.0,12.0,90,,,,선반핀-전면열-12
placed-1768794917358-u19ervii3-side-right,shelf-pin-13,shelf-pin,left,50.00,421.00,5.0,12.0,90,,,,선반핀-전면열-13
placed-1768794917358-u19ervii3-side-right,shelf-pin-14,shelf-pin,left,50.00,453.00,5.0,12.0,90,,,,선반핀-전면열-14
placed-1768794917358-u19ervii3-side-right,shelf-pin-15,shelf-pin,left,50.00,485.00,5.0,12.0,90,,,,선반핀-전면열-15
placed-1768794917358-u19ervii3-side-right,shelf-pin-16,shelf-pin,left,50.00,517.00,5.0,12.0,90,,,,선반핀-전면열-16
placed-1768794917358-u19ervii3-side-right,shelf-pin-17,shelf-pin,left,50.00,549.00,5.0,12.0,90,,,,선반핀-전면열-17
placed-1768794917358-u19ervii3-side-right,shelf-pin-18,shelf-pin,left,50.00,581.00,5.0,12.0,90,,,,선반핀-전면열-18
placed-1768794917358-u19ervii3-side-right,shelf-pin-19,shelf-pin,left,50.00,613.00,5.0,12.0,90,,,,선반핀-전면열-19
placed-1768794917358-u19ervii3-side-right,shelf-pin-20,shelf-pin,left,50.00,645.00,5.0,12.0,90,,,,선반핀-전면열-20
placed-1768794917358-u19ervii3-side-right,shelf-pin-21,shelf-pin,left,50.00,677.00,5.0,12.0,90,,,,선반핀-전면열-21
placed-1768794917358-u19ervii3-side-right,shelf-pin-22,shelf-pin,left,50.00,709.00,5.0,12.0,90,,,,선반핀-전면열-22
placed-1768794917358-u19ervii3-side-right,shelf-pin-23,shelf-pin,left,50.00,741.00,5.0,12.0,90,,,,선반핀-전면열-23
placed-1768794917358-u19ervii3-side-right,shelf-pin-24,shelf-pin,left,50.00,773.00,5.0,12.0,90,,,,선반핀-전면열-24
placed-1768794917358-u19ervii3-side-right,shelf-pin-25,shelf-pin,left,50.00,805.00,5.0,12.0,90,,,,선반핀-전면열-25
placed-1768794917358-u19ervii3-side-right,shelf-pin-26,shelf-pin,left,50.00,837.00,5.0,12.0,90,,,,선반핀-전면열-26
placed-1768794917358-u19ervii3-side-right,shelf-pin-27,shelf-pin,left,50.00,869.00,5.0,12.0,90,,,,선반핀-전면열-27
placed-1768794917358-u19ervii3-side-right,shelf-pin-28,shelf-pin,left,50.00,901.00,5.0,12.0,90,,,,선반핀-전면열-28
placed-1768794917358-u19ervii3-side-right,shelf-pin-29,shelf-pin,left,50.00,933.00,5.0,12.0,90,,,,선반핀-전면열-29
placed-1768794917358-u19ervii3-side-right,shelf-pin-30,shelf-pin,left,50.00,965.00,5.0,12.0,90,,,,선반핀-전면열-30
placed-1768794917358-u19ervii3-side-right,shelf-pin-31,shelf-pin,left,50.00,997.00,5.0,12.0,90,,,,선반핀-전면열-31
placed-1768794917358-u19ervii3-side-right,shelf-pin-32,shelf-pin,left,50.00,1029.00,5.0,12.0,90,,,,선반핀-전면열-32
placed-1768794917358-u19ervii3-side-right,shelf-pin-33,shelf-pin,left,50.00,1061.00,5.0,12.0,90,,,,선반핀-전면열-33
placed-1768794917358-u19ervii3-side-right,shelf-pin-34,shelf-pin,left,50.00,1093.00,5.0,12.0,90,,,,선반핀-전면열-34
placed-1768794917358-u19ervii3-side-right,shelf-pin-35,shelf-pin,left,50.00,1125.00,5.0,12.0,90,,,,선반핀-전면열-35
placed-1768794917358-u19ervii3-side-right,shelf-pin-36,shelf-pin,left,50.00,1157.00,5.0,12.0,90,,,,선반핀-전면열-36
placed-1768794917358-u19ervii3-side-right,shelf-pin-37,shelf-pin,left,50.00,1189.00,5.0,12.0,90,,,,선반핀-전면열-37
placed-1768794917358-u19ervii3-side-right,shelf-pin-38,shelf-pin,left,50.00,1221.00,5.0,12.0,90,,,,선반핀-전면열-38
placed-1768794917358-u19ervii3-side-right,shelf-pin-39,shelf-pin,left,50.00,1253.00,5.0,12.0,90,,,,선반핀-전면열-39
placed-1768794917358-u19ervii3-side-right,shelf-pin-40,shelf-pin,left,50.00,1285.00,5.0,12.0,90,,,,선반핀-전면열-40
placed-1768794917358-u19ervii3-side-right,shelf-pin-41,shelf-pin,left,50.00,1317.00,5.0,12.0,90,,,,선반핀-전면열-41
placed-1768794917358-u19ervii3-side-right,shelf-pin-42,shelf-pin,left,50.00,1349.00,5.0,12.0,90,,,,선반핀-전면열-42
placed-1768794917358-u19ervii3-side-right,shelf-pin-43,shelf-pin,left,50.00,1381.00,5.0,12.0,90,,,,선반핀-전면열-43
placed-1768794917358-u19ervii3-side-right,shelf-pin-44,shelf-pin,left,50.00,1413.00,5.0,12.0,90,,,,선반핀-전면열-44
placed-1768794917358-u19ervii3-side-right,shelf-pin-45,shelf-pin,left,50.00,1445.00,5.0,12.0,90,,,,선반핀-전면열-45
placed-1768794917358-u19ervii3-side-right,shelf-pin-46,shelf-pin,left,50.00,1477.00,5.0,12.0,90,,,,선반핀-전면열-46
placed-1768794917358-u19ervii3-side-right,shelf-pin-47,shelf-pin,left,50.00,1509.00,5.0,12.0,90,,,,선반핀-전면열-47
placed-1768794917358-u19ervii3-side-right,shelf-pin-48,shelf-pin,left,50.00,1541.00,5.0,12.0,90,,,,선반핀-전면열-48
placed-1768794917358-u19ervii3-side-right,shelf-pin-49,shelf-pin,left,50.00,1573.00,5.0,12.0,90,,,,선반핀-전면열-49
placed-1768794917358-u19ervii3-side-right,shelf-pin-50,shelf-pin,left,50.00,1605.00,5.0,12.0,90,,,,선반핀-전면열-50
placed-1768794917358-u19ervii3-side-right,shelf-pin-51,shelf-pin,left,50.00,1637.00,5.0,12.0,90,,,,선반핀-전면열-51
placed-1768794917358-u19ervii3-side-right,shelf-pin-52,shelf-pin,left,50.00,1669.00,5.0,12.0,90,,,,선반핀-전면열-52
placed-1768794917358-u19ervii3-side-right,shelf-pin-53,shelf-pin,left,50.00,1701.00,5.0,12.0,90,,,,선반핀-전면열-53
placed-1768794917358-u19ervii3-side-right,shelf-pin-54,shelf-pin,left,50.00,1733.00,5.0,12.0,90,,,,선반핀-전면열-54
placed-1768794917358-u19ervii3-side-right,shelf-pin-55,shelf-pin,left,50.00,1765.00,5.0,12.0,90,,,,선반핀-전면열-55
placed-1768794917358-u19ervii3-side-right,shelf-pin-56,shelf-pin,left,50.00,1797.00,5.0,12.0,90,,,,선반핀-전면열-56
placed-1768794917358-u19ervii3-side-right,shelf-pin-57,shelf-pin,left,50.00,1829.00,5.0,12.0,90,,,,선반핀-전면열-57
placed-1768794917358-u19ervii3-side-right,shelf-pin-58,shelf-pin,left,50.00,1861.00,5.0,12.0,90,,,,선반핀-전면열-58
placed-1768794917358-u19ervii3-side-right,shelf-pin-59,shelf-pin,left,50.00,1893.00,5.0,12.0,90,,,,선반핀-전면열-59
placed-1768794917358-u19ervii3-side-right,shelf-pin-60,shelf-pin,left,50.00,1925.00,5.0,12.0,90,,,,선반핀-전면열-60
placed-1768794917358-u19ervii3-side-right,shelf-pin-61,shelf-pin,left,50.00,1957.00,5.0,12.0,90,,,,선반핀-전면열-61
placed-1768794917358-u19ervii3-side-right,shelf-pin-62,shelf-pin,left,50.00,1989.00,5.0,12.0,90,,,,선반핀-전면열-62
placed-1768794917358-u19ervii3-side-right,shelf-pin-63,shelf-pin,left,50.00,2021.00,5.0,12.0,90,,,,선반핀-전면열-63
placed-1768794917358-u19ervii3-side-right,shelf-pin-64,shelf-pin,left,50.00,2053.00,5.0,12.0,90,,,,선반핀-전면열-64
placed-1768794917358-u19ervii3-side-right,shelf-pin-65,shelf-pin,left,50.00,2085.00,5.0,12.0,90,,,,선반핀-전면열-65
placed-1768794917358-u19ervii3-side-right,shelf-pin-66,shelf-pin,left,50.00,2117.00,5.0,12.0,90,,,,선반핀-전면열-66
placed-1768794917358-u19ervii3-side-right,shelf-pin-67,shelf-pin,left,50.00,2149.00,5.0,12.0,90,,,,선반핀-전면열-67
placed-1768794917358-u19ervii3-side-right,shelf-pin-68,shelf-pin,left,50.00,2181.00,5.0,12.0,90,,,,선반핀-전면열-68
placed-1768794917358-u19ervii3-side-right,shelf-pin-69,shelf-pin,left,50.00,2213.00,5.0,12.0,90,,,,선반핀-전면열-69
placed-1768794917358-u19ervii3-side-right,shelf-pin-70,shelf-pin,left,50.00,2245.00,5.0,12.0,90,,,,선반핀-전면열-70
placed-1768794917358-u19ervii3-side-right,shelf-pin-71,shelf-pin,left,291.00,37.00,5.0,12.0,90,,,,선반핀-중앙열-1
placed-1768794917358-u19ervii3-side-right,shelf-pin-72,shelf-pin,left,291.00,69.00,5.0,12.0,90,,,,선반핀-중앙열-2
placed-1768794917358-u19ervii3-side-right,shelf-pin-73,shelf-pin,left,291.00,101.00,5.0,12.0,90,,,,선반핀-중앙열-3
placed-1768794917358-u19ervii3-side-right,shelf-pin-74,shelf-pin,left,291.00,133.00,5.0,12.0,90,,,,선반핀-중앙열-4
placed-1768794917358-u19ervii3-side-right,shelf-pin-75,shelf-pin,left,291.00,165.00,5.0,12.0,90,,,,선반핀-중앙열-5
placed-1768794917358-u19ervii3-side-right,shelf-pin-76,shelf-pin,left,291.00,197.00,5.0,12.0,90,,,,선반핀-중앙열-6
placed-1768794917358-u19ervii3-side-right,shelf-pin-77,shelf-pin,left,291.00,229.00,5.0,12.0,90,,,,선반핀-중앙열-7
placed-1768794917358-u19ervii3-side-right,shelf-pin-78,shelf-pin,left,291.00,261.00,5.0,12.0,90,,,,선반핀-중앙열-8
placed-1768794917358-u19ervii3-side-right,shelf-pin-79,shelf-pin,left,291.00,293.00,5.0,12.0,90,,,,선반핀-중앙열-9
placed-1768794917358-u19ervii3-side-right,shelf-pin-80,shelf-pin,left,291.00,325.00,5.0,12.0,90,,,,선반핀-중앙열-10
placed-1768794917358-u19ervii3-side-right,shelf-pin-81,shelf-pin,left,291.00,357.00,5.0,12.0,90,,,,선반핀-중앙열-11
placed-1768794917358-u19ervii3-side-right,shelf-pin-82,shelf-pin,left,291.00,389.00,5.0,12.0,90,,,,선반핀-중앙열-12
placed-1768794917358-u19ervii3-side-right,shelf-pin-83,shelf-pin,left,291.00,421.00,5.0,12.0,90,,,,선반핀-중앙열-13
placed-1768794917358-u19ervii3-side-right,shelf-pin-84,shelf-pin,left,291.00,453.00,5.0,12.0,90,,,,선반핀-중앙열-14
placed-1768794917358-u19ervii3-side-right,shelf-pin-85,shelf-pin,left,291.00,485.00,5.0,12.0,90,,,,선반핀-중앙열-15
placed-1768794917358-u19ervii3-side-right,shelf-pin-86,shelf-pin,left,291.00,517.00,5.0,12.0,90,,,,선반핀-중앙열-16
placed-1768794917358-u19ervii3-side-right,shelf-pin-87,shelf-pin,left,291.00,549.00,5.0,12.0,90,,,,선반핀-중앙열-17
placed-1768794917358-u19ervii3-side-right,shelf-pin-88,shelf-pin,left,291.00,581.00,5.0,12.0,90,,,,선반핀-중앙열-18
placed-1768794917358-u19ervii3-side-right,shelf-pin-89,shelf-pin,left,291.00,613.00,5.0,12.0,90,,,,선반핀-중앙열-19
placed-1768794917358-u19ervii3-side-right,shelf-pin-90,shelf-pin,left,291.00,645.00,5.0,12.0,90,,,,선반핀-중앙열-20
placed-1768794917358-u19ervii3-side-right,shelf-pin-91,shelf-pin,left,291.00,677.00,5.0,12.0,90,,,,선반핀-중앙열-21
placed-1768794917358-u19ervii3-side-right,shelf-pin-92,shelf-pin,left,291.00,709.00,5.0,12.0,90,,,,선반핀-중앙열-22
placed-1768794917358-u19ervii3-side-right,shelf-pin-93,shelf-pin,left,291.00,741.00,5.0,12.0,90,,,,선반핀-중앙열-23
placed-1768794917358-u19ervii3-side-right,shelf-pin-94,shelf-pin,left,291.00,773.00,5.0,12.0,90,,,,선반핀-중앙열-24
placed-1768794917358-u19ervii3-side-right,shelf-pin-95,shelf-pin,left,291.00,805.00,5.0,12.0,90,,,,선반핀-중앙열-25
placed-1768794917358-u19ervii3-side-right,shelf-pin-96,shelf-pin,left,291.00,837.00,5.0,12.0,90,,,,선반핀-중앙열-26
placed-1768794917358-u19ervii3-side-right,shelf-pin-97,shelf-pin,left,291.00,869.00,5.0,12.0,90,,,,선반핀-중앙열-27
placed-1768794917358-u19ervii3-side-right,shelf-pin-98,shelf-pin,left,291.00,901.00,5.0,12.0,90,,,,선반핀-중앙열-28
placed-1768794917358-u19ervii3-side-right,shelf-pin-99,shelf-pin,left,291.00,933.00,5.0,12.0,90,,,,선반핀-중앙열-29
placed-1768794917358-u19ervii3-side-right,shelf-pin-100,shelf-pin,left,291.00,965.00,5.0,12.0,90,,,,선반핀-중앙열-30
placed-1768794917358-u19ervii3-side-right,shelf-pin-101,shelf-pin,left,291.00,997.00,5.0,12.0,90,,,,선반핀-중앙열-31
placed-1768794917358-u19ervii3-side-right,shelf-pin-102,shelf-pin,left,291.00,1029.00,5.0,12.0,90,,,,선반핀-중앙열-32
placed-1768794917358-u19ervii3-side-right,shelf-pin-103,shelf-pin,left,291.00,1061.00,5.0,12.0,90,,,,선반핀-중앙열-33
placed-1768794917358-u19ervii3-side-right,shelf-pin-104,shelf-pin,left,291.00,1093.00,5.0,12.0,90,,,,선반핀-중앙열-34
placed-1768794917358-u19ervii3-side-right,shelf-pin-105,shelf-pin,left,291.00,1125.00,5.0,12.0,90,,,,선반핀-중앙열-35
placed-1768794917358-u19ervii3-side-right,shelf-pin-106,shelf-pin,left,291.00,1157.00,5.0,12.0,90,,,,선반핀-중앙열-36
placed-1768794917358-u19ervii3-side-right,shelf-pin-107,shelf-pin,left,291.00,1189.00,5.0,12.0,90,,,,선반핀-중앙열-37
placed-1768794917358-u19ervii3-side-right,shelf-pin-108,shelf-pin,left,291.00,1221.00,5.0,12.0,90,,,,선반핀-중앙열-38
placed-1768794917358-u19ervii3-side-right,shelf-pin-109,shelf-pin,left,291.00,1253.00,5.0,12.0,90,,,,선반핀-중앙열-39
placed-1768794917358-u19ervii3-side-right,shelf-pin-110,shelf-pin,left,291.00,1285.00,5.0,12.0,90,,,,선반핀-중앙열-40
placed-1768794917358-u19ervii3-side-right,shelf-pin-111,shelf-pin,left,291.00,1317.00,5.0,12.0,90,,,,선반핀-중앙열-41
placed-1768794917358-u19ervii3-side-right,shelf-pin-112,shelf-pin,left,291.00,1349.00,5.0,12.0,90,,,,선반핀-중앙열-42
placed-1768794917358-u19ervii3-side-right,shelf-pin-113,shelf-pin,left,291.00,1381.00,5.0,12.0,90,,,,선반핀-중앙열-43
placed-1768794917358-u19ervii3-side-right,shelf-pin-114,shelf-pin,left,291.00,1413.00,5.0,12.0,90,,,,선반핀-중앙열-44
placed-1768794917358-u19ervii3-side-right,shelf-pin-115,shelf-pin,left,291.00,1445.00,5.0,12.0,90,,,,선반핀-중앙열-45
placed-1768794917358-u19ervii3-side-right,shelf-pin-116,shelf-pin,left,291.00,1477.00,5.0,12.0,90,,,,선반핀-중앙열-46
placed-1768794917358-u19ervii3-side-right,shelf-pin-117,shelf-pin,left,291.00,1509.00,5.0,12.0,90,,,,선반핀-중앙열-47
placed-1768794917358-u19ervii3-side-right,shelf-pin-118,shelf-pin,left,291.00,1541.00,5.0,12.0,90,,,,선반핀-중앙열-48
placed-1768794917358-u19ervii3-side-right,shelf-pin-119,shelf-pin,left,291.00,1573.00,5.0,12.0,90,,,,선반핀-중앙열-49
placed-1768794917358-u19ervii3-side-right,shelf-pin-120,shelf-pin,left,291.00,1605.00,5.0,12.0,90,,,,선반핀-중앙열-50
placed-1768794917358-u19ervii3-side-right,shelf-pin-121,shelf-pin,left,291.00,1637.00,5.0,12.0,90,,,,선반핀-중앙열-51
placed-1768794917358-u19ervii3-side-right,shelf-pin-122,shelf-pin,left,291.00,1669.00,5.0,12.0,90,,,,선반핀-중앙열-52
placed-1768794917358-u19ervii3-side-right,shelf-pin-123,shelf-pin,left,291.00,1701.00,5.0,12.0,90,,,,선반핀-중앙열-53
placed-1768794917358-u19ervii3-side-right,shelf-pin-124,shelf-pin,left,291.00,1733.00,5.0,12.0,90,,,,선반핀-중앙열-54
placed-1768794917358-u19ervii3-side-right,shelf-pin-125,shelf-pin,left,291.00,1765.00,5.0,12.0,90,,,,선반핀-중앙열-55
placed-1768794917358-u19ervii3-side-right,shelf-pin-126,shelf-pin,left,291.00,1797.00,5.0,12.0,90,,,,선반핀-중앙열-56
placed-1768794917358-u19ervii3-side-right,shelf-pin-127,shelf-pin,left,291.00,1829.00,5.0,12.0,90,,,,선반핀-중앙열-57
placed-1768794917358-u19ervii3-side-right,shelf-pin-128,shelf-pin,left,291.00,1861.00,5.0,12.0,90,,,,선반핀-중앙열-58
placed-1768794917358-u19ervii3-side-right,shelf-pin-129,shelf-pin,left,291.00,1893.00,5.0,12.0,90,,,,선반핀-중앙열-59
placed-1768794917358-u19ervii3-side-right,shelf-pin-130,shelf-pin,left,291.00,1925.00,5.0,12.0,90,,,,선반핀-중앙열-60
placed-1768794917358-u19ervii3-side-right,shelf-pin-131,shelf-pin,left,291.00,1957.00,5.0,12.0,90,,,,선반핀-중앙열-61
placed-1768794917358-u19ervii3-side-right,shelf-pin-132,shelf-pin,left,291.00,1989.00,5.0,12.0,90,,,,선반핀-중앙열-62
placed-1768794917358-u19ervii3-side-right,shelf-pin-133,shelf-pin,left,291.00,2021.00,5.0,12.0,90,,,,선반핀-중앙열-63
placed-1768794917358-u19ervii3-side-right,shelf-pin-134,shelf-pin,left,291.00,2053.00,5.0,12.0,90,,,,선반핀-중앙열-64
placed-1768794917358-u19ervii3-side-right,shelf-pin-135,shelf-pin,left,291.00,2085.00,5.0,12.0,90,,,,선반핀-중앙열-65
placed-1768794917358-u19ervii3-side-right,shelf-pin-136,shelf-pin,left,291.00,2117.00,5.0,12.0,90,,,,선반핀-중앙열-66
placed-1768794917358-u19ervii3-side-right,shelf-pin-137,shelf-pin,left,291.00,2149.00,5.0,12.0,90,,,,선반핀-중앙열-67
placed-1768794917358-u19ervii3-side-right,shelf-pin-138,shelf-pin,left,291.00,2181.00,5.0,12.0,90,,,,선반핀-중앙열-68
placed-1768794917358-u19ervii3-side-right,shelf-pin-139,shelf-pin,left,291.00,2213.00,5.0,12.0,90,,,,선반핀-중앙열-69
placed-1768794917358-u19ervii3-side-right,shelf-pin-140,shelf-pin,left,291.00,2245.00,5.0,12.0,90,,,,선반핀-중앙열-70
placed-1768794917358-u19ervii3-side-right,shelf-pin-141,shelf-pin,left,532.00,37.00,5.0,12.0,90,,,,선반핀-후면열-1
placed-1768794917358-u19ervii3-side-right,shelf-pin-142,shelf-pin,left,532.00,69.00,5.0,12.0,90,,,,선반핀-후면열-2
placed-1768794917358-u19ervii3-side-right,shelf-pin-143,shelf-pin,left,532.00,101.00,5.0,12.0,90,,,,선반핀-후면열-3
placed-1768794917358-u19ervii3-side-right,shelf-pin-144,shelf-pin,left,532.00,133.00,5.0,12.0,90,,,,선반핀-후면열-4
placed-1768794917358-u19ervii3-side-right,shelf-pin-145,shelf-pin,left,532.00,165.00,5.0,12.0,90,,,,선반핀-후면열-5
placed-1768794917358-u19ervii3-side-right,shelf-pin-146,shelf-pin,left,532.00,197.00,5.0,12.0,90,,,,선반핀-후면열-6
placed-1768794917358-u19ervii3-side-right,shelf-pin-147,shelf-pin,left,532.00,229.00,5.0,12.0,90,,,,선반핀-후면열-7
placed-1768794917358-u19ervii3-side-right,shelf-pin-148,shelf-pin,left,532.00,261.00,5.0,12.0,90,,,,선반핀-후면열-8
placed-1768794917358-u19ervii3-side-right,shelf-pin-149,shelf-pin,left,532.00,293.00,5.0,12.0,90,,,,선반핀-후면열-9
placed-1768794917358-u19ervii3-side-right,shelf-pin-150,shelf-pin,left,532.00,325.00,5.0,12.0,90,,,,선반핀-후면열-10
placed-1768794917358-u19ervii3-side-right,shelf-pin-151,shelf-pin,left,532.00,357.00,5.0,12.0,90,,,,선반핀-후면열-11
placed-1768794917358-u19ervii3-side-right,shelf-pin-152,shelf-pin,left,532.00,389.00,5.0,12.0,90,,,,선반핀-후면열-12
placed-1768794917358-u19ervii3-side-right,shelf-pin-153,shelf-pin,left,532.00,421.00,5.0,12.0,90,,,,선반핀-후면열-13
placed-1768794917358-u19ervii3-side-right,shelf-pin-154,shelf-pin,left,532.00,453.00,5.0,12.0,90,,,,선반핀-후면열-14
placed-1768794917358-u19ervii3-side-right,shelf-pin-155,shelf-pin,left,532.00,485.00,5.0,12.0,90,,,,선반핀-후면열-15
placed-1768794917358-u19ervii3-side-right,shelf-pin-156,shelf-pin,left,532.00,517.00,5.0,12.0,90,,,,선반핀-후면열-16
placed-1768794917358-u19ervii3-side-right,shelf-pin-157,shelf-pin,left,532.00,549.00,5.0,12.0,90,,,,선반핀-후면열-17
placed-1768794917358-u19ervii3-side-right,shelf-pin-158,shelf-pin,left,532.00,581.00,5.0,12.0,90,,,,선반핀-후면열-18
placed-1768794917358-u19ervii3-side-right,shelf-pin-159,shelf-pin,left,532.00,613.00,5.0,12.0,90,,,,선반핀-후면열-19
placed-1768794917358-u19ervii3-side-right,shelf-pin-160,shelf-pin,left,532.00,645.00,5.0,12.0,90,,,,선반핀-후면열-20
placed-1768794917358-u19ervii3-side-right,shelf-pin-161,shelf-pin,left,532.00,677.00,5.0,12.0,90,,,,선반핀-후면열-21
placed-1768794917358-u19ervii3-side-right,shelf-pin-162,shelf-pin,left,532.00,709.00,5.0,12.0,90,,,,선반핀-후면열-22
placed-1768794917358-u19ervii3-side-right,shelf-pin-163,shelf-pin,left,532.00,741.00,5.0,12.0,90,,,,선반핀-후면열-23
placed-1768794917358-u19ervii3-side-right,shelf-pin-164,shelf-pin,left,532.00,773.00,5.0,12.0,90,,,,선반핀-후면열-24
placed-1768794917358-u19ervii3-side-right,shelf-pin-165,shelf-pin,left,532.00,805.00,5.0,12.0,90,,,,선반핀-후면열-25
placed-1768794917358-u19ervii3-side-right,shelf-pin-166,shelf-pin,left,532.00,837.00,5.0,12.0,90,,,,선반핀-후면열-26
placed-1768794917358-u19ervii3-side-right,shelf-pin-167,shelf-pin,left,532.00,869.00,5.0,12.0,90,,,,선반핀-후면열-27
placed-1768794917358-u19ervii3-side-right,shelf-pin-168,shelf-pin,left,532.00,901.00,5.0,12.0,90,,,,선반핀-후면열-28
placed-1768794917358-u19ervii3-side-right,shelf-pin-169,shelf-pin,left,532.00,933.00,5.0,12.0,90,,,,선반핀-후면열-29
placed-1768794917358-u19ervii3-side-right,shelf-pin-170,shelf-pin,left,532.00,965.00,5.0,12.0,90,,,,선반핀-후면열-30
placed-1768794917358-u19ervii3-side-right,shelf-pin-171,shelf-pin,left,532.00,997.00,5.0,12.0,90,,,,선반핀-후면열-31
placed-1768794917358-u19ervii3-side-right,shelf-pin-172,shelf-pin,left,532.00,1029.00,5.0,12.0,90,,,,선반핀-후면열-32
placed-1768794917358-u19ervii3-side-right,shelf-pin-173,shelf-pin,left,532.00,1061.00,5.0,12.0,90,,,,선반핀-후면열-33
placed-1768794917358-u19ervii3-side-right,shelf-pin-174,shelf-pin,left,532.00,1093.00,5.0,12.0,90,,,,선반핀-후면열-34
placed-1768794917358-u19ervii3-side-right,shelf-pin-175,shelf-pin,left,532.00,1125.00,5.0,12.0,90,,,,선반핀-후면열-35
placed-1768794917358-u19ervii3-side-right,shelf-pin-176,shelf-pin,left,532.00,1157.00,5.0,12.0,90,,,,선반핀-후면열-36
placed-1768794917358-u19ervii3-side-right,shelf-pin-177,shelf-pin,left,532.00,1189.00,5.0,12.0,90,,,,선반핀-후면열-37
placed-1768794917358-u19ervii3-side-right,shelf-pin-178,shelf-pin,left,532.00,1221.00,5.0,12.0,90,,,,선반핀-후면열-38
placed-1768794917358-u19ervii3-side-right,shelf-pin-179,shelf-pin,left,532.00,1253.00,5.0,12.0,90,,,,선반핀-후면열-39
placed-1768794917358-u19ervii3-side-right,shelf-pin-180,shelf-pin,left,532.00,1285.00,5.0,12.0,90,,,,선반핀-후면열-40
placed-1768794917358-u19ervii3-side-right,shelf-pin-181,shelf-pin,left,532.00,1317.00,5.0,12.0,90,,,,선반핀-후면열-41
placed-1768794917358-u19ervii3-side-right,shelf-pin-182,shelf-pin,left,532.00,1349.00,5.0,12.0,90,,,,선반핀-후면열-42
placed-1768794917358-u19ervii3-side-right,shelf-pin-183,shelf-pin,left,532.00,1381.00,5.0,12.0,90,,,,선반핀-후면열-43
placed-1768794917358-u19ervii3-side-right,shelf-pin-184,shelf-pin,left,532.00,1413.00,5.0,12.0,90,,,,선반핀-후면열-44
placed-1768794917358-u19ervii3-side-right,shelf-pin-185,shelf-pin,left,532.00,1445.00,5.0,12.0,90,,,,선반핀-후면열-45
placed-1768794917358-u19ervii3-side-right,shelf-pin-186,shelf-pin,left,532.00,1477.00,5.0,12.0,90,,,,선반핀-후면열-46
placed-1768794917358-u19ervii3-side-right,shelf-pin-187,shelf-pin,left,532.00,1509.00,5.0,12.0,90,,,,선반핀-후면열-47
placed-1768794917358-u19ervii3-side-right,shelf-pin-188,shelf-pin,left,532.00,1541.00,5.0,12.0,90,,,,선반핀-후면열-48
placed-1768794917358-u19ervii3-side-right,shelf-pin-189,shelf-pin,left,532.00,1573.00,5.0,12.0,90,,,,선반핀-후면열-49
placed-1768794917358-u19ervii3-side-right,shelf-pin-190,shelf-pin,left,532.00,1605.00,5.0,12.0,90,,,,선반핀-후면열-50
placed-1768794917358-u19ervii3-side-right,shelf-pin-191,shelf-pin,left,532.00,1637.00,5.0,12.0,90,,,,선반핀-후면열-51
placed-1768794917358-u19ervii3-side-right,shelf-pin-192,shelf-pin,left,532.00,1669.00,5.0,12.0,90,,,,선반핀-후면열-52
placed-1768794917358-u19ervii3-side-right,shelf-pin-193,shelf-pin,left,532.00,1701.00,5.0,12.0,90,,,,선반핀-후면열-53
placed-1768794917358-u19ervii3-side-right,shelf-pin-194,shelf-pin,left,532.00,1733.00,5.0,12.0,90,,,,선반핀-후면열-54
placed-1768794917358-u19ervii3-side-right,shelf-pin-195,shelf-pin,left,532.00,1765.00,5.0,12.0,90,,,,선반핀-후면열-55
placed-1768794917358-u19ervii3-side-right,shelf-pin-196,shelf-pin,left,532.00,1797.00,5.0,12.0,90,,,,선반핀-후면열-56
placed-1768794917358-u19ervii3-side-right,shelf-pin-197,shelf-pin,left,532.00,1829.00,5.0,12.0,90,,,,선반핀-후면열-57
placed-1768794917358-u19ervii3-side-right,shelf-pin-198,shelf-pin,left,532.00,1861.00,5.0,12.0,90,,,,선반핀-후면열-58
placed-1768794917358-u19ervii3-side-right,shelf-pin-199,shelf-pin,left,532.00,1893.00,5.0,12.0,90,,,,선반핀-후면열-59
placed-1768794917358-u19ervii3-side-right,shelf-pin-200,shelf-pin,left,532.00,1925.00,5.0,12.0,90,,,,선반핀-후면열-60
placed-1768794917358-u19ervii3-side-right,shelf-pin-201,shelf-pin,left,532.00,1957.00,5.0,12.0,90,,,,선반핀-후면열-61
placed-1768794917358-u19ervii3-side-right,shelf-pin-202,shelf-pin,left,532.00,1989.00,5.0,12.0,90,,,,선반핀-후면열-62
placed-1768794917358-u19ervii3-side-right,shelf-pin-203,shelf-pin,left,532.00,2021.00,5.0,12.0,90,,,,선반핀-후면열-63
placed-1768794917358-u19ervii3-side-right,shelf-pin-204,shelf-pin,left,532.00,2053.00,5.0,12.0,90,,,,선반핀-후면열-64
placed-1768794917358-u19ervii3-side-right,shelf-pin-205,shelf-pin,left,532.00,2085.00,5.0,12.0,90,,,,선반핀-후면열-65
placed-1768794917358-u19ervii3-side-right,shelf-pin-206,shelf-pin,left,532.00,2117.00,5.0,12.0,90,,,,선반핀-후면열-66
placed-1768794917358-u19ervii3-side-right,shelf-pin-207,shelf-pin,left,532.00,2149.00,5.0,12.0,90,,,,선반핀-후면열-67
placed-1768794917358-u19ervii3-side-right,shelf-pin-208,shelf-pin,left,532.00,2181.00,5.0,12.0,90,,,,선반핀-후면열-68
placed-1768794917358-u19ervii3-side-right,shelf-pin-209,shelf-pin,left,532.00,2213.00,5.0,12.0,90,,,,선반핀-후면열-69
placed-1768794917358-u19ervii3-side-right,shelf-pin-210,shelf-pin,left,532.00,2245.00,5.0,12.0,90,,,,선반핀-후면열-70
placed-1768794917358-u19ervii3-side-right,cam-bolt-211,cam-bolt,top,37.00,8.00,5.0,34.0,90,,,,캠볼트-상단-전면
placed-1768794917358-u19ervii3-side-right,cam-bolt-212,cam-bolt,top,69.00,8.00,5.0,34.0,90,,,,캠볼트-상단-후면
placed-1768794917358-u19ervii3-side-right,cam-bolt-213,cam-bolt,bottom,37.00,8.00,5.0,34.0,90,,,,캠볼트-하단-전면
placed-1768794917358-u19ervii3-side-right,cam-bolt-214,cam-bolt,bottom,69.00,8.00,5.0,34.0,90,,,,캠볼트-하단-후면